{
  "temperature": {
    "mean": 19.933863636363636,
    "std": 4.95651472443396,
    "min": 13.14,
    "max": 31.97,
    "median": 18.27
  },
  "humidity": {
    "mean": 62.81818181818182,
    "std": 19.605733294439283,
    "min": 12.0,
    "max": 97.0,
    "median": 62.0
  },
  "pressure": {
    "mean": 1011.4545454545455,
    "std": 7.521920046366641,
    "min": 1002.0,
    "max": 1033.0,
    "median": 1009.5
  },
  "wind_speed": {
    "mean": 5.924545454545455,
    "std": 3.9242972735139587,
    "min": 1.54,
    "max": 11.83,
    "median": 4.12
  },
  "hour": {
    "mean": 16.90909090909091,
    "std": 3.3675481510563254,
    "min": 9.0,
    "max": 20.0,
    "median": 17.0
  },
  "day_of_week": {
    "mean": 0.8636363636363636,
    "std": 2.0413277609154643,
    "min": 0.0,
    "max": 6.0,
    "median": 0.0
  }
}